{
    "emerald_block": [
        65.45450793704637,
        -52.33753536183594,
        23.377075589189957
    ],
    "diamond_block": [
        80.15670717770514,
        -34.09128945763873,
        -10.394228177207188
    ],
    "gold_block": [
        80.49109586716804,
        5.806467395718606,
        62.78087803626195
    ],
    "iron_block": [
        80.60406997783711,
        -0.0003825766591858404,
        -0.0071299292303539374
    ],
    "copper_block": [
        54.754437528815004,
        21.650343564562526,
        45.393460269299354
    ],
    "redstone_block": [
        43.37969014703296,
        68.68598662427017,
        57.63225411979547
    ],
    "lapis_block": [
        27.442997187768043,
        19.597539726119912,
        -47.703284828379935
    ],
    "netherite_block": [
        25.316788033763032,
        -0.00016362497706756685,
        -0.003049413702482795
    ],
    "stone": [
        52.4066215727872,
        -0.0002709076000195765,
        -0.005048797331341781
    ],
    "deepslate": [
        33.25795826397605,
        -1.320860629476367,
        -2.463341299172528
    ],
    "quartz_block": [
        91.65174807064228,
        1.160454821195922,
        4.235546165344672
    ],
    "obsidian": [
        6.645346296470045,
        13.137019349973396,
        -16.821304672132804
    ],
    "prismarine": [
        66.07416641413266,
        -29.492384325922494,
        1.4822583388531152
    ],
    "dark_prismarine": [
        41.18023232094704,
        -22.098931615384952,
        -0.9298351048964482
    ],
    "sea_lantern": [
        95.08265851302211,
        -8.495735332043285,
        -1.8192512787997828
    ],
    "grass_block": [
        52.31005274744365,
        -35.4037827468483,
        35.21317250533721
    ],
    "sand": [
        86.36054715604841,
        -4.399058310760817,
        26.41475304157592
    ],
    "red_sand": [
        55.99640569390917,
        32.00844460668528,
        42.42919672130927
    ],
    "ice": [
        87.25480952906945,
        -12.830271285224681,
        -14.257271711881625
    ],
    "amethyst_block": [
        52.547728834513634,
        40.31125660067802,
        -45.40834646495586
    ],
    "sandstone": [
        92.95736214279503,
        2.1127941142338735,
        21.354076417952726
    ],
    "jungle_wood": [
        38.88069009654845,
        23.551155246161414,
        31.97249857579041
    ],
    "acacia_wood": [
        59.72348191662441,
        22.809953209395385,
        39.896598815867875
    ],
    "dark_oak_wood": [
        11.952975026814428,
        7.787290127181226,
        11.490469764173056
    ],
    "pink_wool": [
        69.86659991895758,
        43.71062717898461,
        -3.2200027702546485
    ],
    "black_wool": [
        10.767050757633914,
        -0.00010600432111262936,
        -0.0019755604256765924
    ],
    "yellow_wool": [
        86.92993325406286,
        -1.9278417656030111,
        87.13118545701863
    ],
    "cyan_wool": [
        75.29088379563711,
        -40.03949738238038,
        -13.519750194573433
    ],
    "gray_wool": [
        52.83581780246922,
        -2.1420966917322093,
        -10.576419006805594
    ],
    "orange_wool": [
        57.58013607527971,
        67.78006634788713,
        68.95692183354363
    ],
    "end_stone": [
        97.64798269894742,
        -5.428432898376467,
        22.22661850527292
    ],
    "pink_concrete": [
        87.98308930782507,
        17.819634071980396,
        0.667651162417382
    ],
    "light_blue_concrete": [
        79.72354956768865,
        -10.82824582926689,
        -28.50960554873774
    ],
    "lime_concrete": [
        86.54837327112443,
        -46.3284041383703,
        36.94443450798865
    ],
    "nether_bricks": [
        28.08860266407624,
        50.99839971156903,
        41.28936427336761
    ],
    "netherrack": [
        39.11668856399384,
        55.915030496143075,
        37.64572701024278
    ],
    "moss_block": [
        42.233795691953375,
        -18.829009823925574,
        30.59626790645027
    ],
    "purple_concrete": [
        29.784329074590083,
        58.92850065491442,
        -36.49315053460508
    ],
    "magenta_wool": [
        62.80289578142508,
        55.282482441693425,
        -34.412861453399216
    ],
    "brown_wool": [
        43.798433406375445,
        29.320010270113052,
        35.635407909264785
    ],
    "white_wool": [
        95.9489827374159,
        -4.19393984942662,
        12.041359861898982
    ],
    "blue_wool": [
        15.858425753388381,
        31.715934357498753,
        -49.57829410766883
    ],
    "terracotta": [
        89.34967019045139,
        8.083169306990879,
        21.015476508706787
    ],
    "andesite": [
        68.4918198124474,
        -0.00033460907145066443,
        -0.0062359763511432575
    ],
    "diorite": [
        89.5306178375407,
        -0.0004179280564953203,
        -0.007788759179483407
    ],
    "granite": [
        59.37353054977039,
        24.072210641166713,
        21.779948029627505
    ],
    "packed_ice": [
        86.132673921197,
        -14.091886476283733,
        -8.015150716700115
    ],
    "blue_ice": [
        83.81322342578844,
        -10.890630461101114,
        -11.48424400564052
    ],
    "melon": [
        90.74978362158664,
        -48.297266462450914,
        38.52287383340949
    ],
    "bricks": [
        53.39419029966051,
        44.8261077055242,
        22.11188650159064
    ],
    "birch_planks": [
        89.35133555815815,
        1.5095433577351214,
        24.00118590347715
    ],
    "spruce_planks": [
        37.469079640267694,
        26.440355679271306,
        40.982034918810264
    ],
    "mangrove_planks": [
        55.989062096055775,
        37.04963731544919,
        56.738455352661546
    ],
    "bamboo_mosaic": [
        88.87658760653156,
        -67.85762650228061,
        84.95248334917659
    ],
    "cherry_planks": [
        83.58612417321126,
        24.142121129961225,
        3.31808102573814
    ],
    "hay_block": [
        91.14076117687651,
        -7.351148770667448,
        30.965130786197758
    ],
    "bone_block": [
        99.28496424081354,
        -5.108519792756006,
        14.830027431811498
    ],
    "basalt": [
        33.20590375453074,
        0.8866266815564794,
        -5.704947357388357
    ],
    "blackstone": [
        18.754006708194225,
        -0.5604829867543182,
        -2.3820821744993226
    ],
    "glowstone": [
        96.14952728681486,
        -3.9214934681684466,
        18.557164745712274
    ],
    "polished_deepslate": [
        52.83581780246922,
        -2.1420966917322093,
        -10.576419006805594
    ],
    "mud": [
        61.09217202754746,
        -8.365965535641894,
        14.864727957971112
    ],
    "podzol": [
        33.492564688316286,
        22.289039436357488,
        43.79501724510091
    ],
    "polished_granite": [
        63.607078420295494,
        17.011305177367486,
        6.6036815519388
    ],
    "stone_bricks": [
        65.11423422223298,
        -0.0003212329744983755,
        -0.00598669134448393
    ]
}